Y-M,Sales,MoM
2010-12,821452.73,
2011-01,689811.61,-0.1602540416415683
2011-02,522545.56,-0.2424807694958918
2011-03,716215.26,0.37062739562843094
2011-04,536968.491,-0.25026940783138296
2011-05,769296.61,0.43266620461720895
2011-06,760547.01,-0.011373506507457498
2011-07,718076.121,-0.055842556004526256
2011-08,757841.38,0.05537749806332859
2011-09,1056435.192,0.3940056849363385
2011-10,1151263.73,0.08976275943673784
2011-11,1503866.78,0.30627478379780104
2011-12,637790.33,-0.5758997150000216
